2020-01-01,1,copain.57leucate,"1,00","0,38"
2020-01-02,1,philibon68,"1,00","0,38"
2020-01-02,1,59bd52,"1,47","0,39"
2020-01-02,6,Paco.0559,"7,86","0,00"
2020-01-03,1,09gmat,"2,57","0,42"
2020-01-04,1,1425laurence,"1,97","0,41"
2020-01-05,1,chrine42,"1,30","0,39"
2020-01-07,1,titi802009,"1,36","0,39"
2020-01-07,8,jola5092,"3,92","0,46"
2020-01-07,3,2011alexandre7,"5,72","1,22"
2020-01-09,1,4269bleu,"1,50","0,39"
2020-01-10,1,nbranger85,"2,97","0,44"
2020-01-10,5,ejp86liane,"6,56","0,54"
2020-01-11,1,fr.domi2012,"3,16","0,44"
2020-01-11,2,pastouriaux,"4,27","0,47"
2020-01-12,1,domdom0546,"2,97","0,44"
2020-01-15,1,raillot,"1,20","0,38"
2020-01-16,1,benopatr-l3xpgenw,"2,97","0,44"
2020-01-13,2,jlman58,"2,00","0,76"
2020-01-18,2,voris67,"2,90","0,43"
2020-01-18,1,adrien0_2,"2,57","0,42"
2020-01-18,1,danjou_7833,"2,47","0,42"
2020-01-18,3,melvyndesert,"4,57","0,48"
2020-01-19,1,titounettitounette,"1,50","0,39"
2020-01-20,8,jlman58,"7,87","0,58"
2020-01-20,1,Guynauti₀,"1,37","0,39"
2020-01-20,1,laure_mett,"1,87","0,40"
2020-01-20,1,titefouine911,"2,07","0,41"
2020-01-23,2,herhervanl,"3,52","0,45"
2020-01-23,1,pattouzil,"2,47","0,42"
2020-01-23,1,fr.domi2012,"1,27","0,39"
2020-01-25,1,jeanoel49,"2,97","0,44"
2020-01-26,1,lenoyellois,"2,17","0,41"
2020-01-26,2,brgi5224,"3,37","0,45"
2020-01-28,1,6041sergeb,"2,47","0,40"
2020-01-28,1,chrislarmor,"1,89","0,42"
2020-01-29,2,Guynauti₀,"2,08","0,41"
2020-01-30,1,cob92,"1,37","0,39"
2020-01-30,1,piedu21,"2,97","0,44"
2020-02-01,1,Adrien0₂,"1,27","0,39"
2020-02-01,3,jeanlouis1946,"6,96","0,55"
2020-02-01,10,leaut48,"2,67","0,43"
2020-02-01,13,pascalebichette,"3,57","0,45"
2020-02-01,5,schaa-fr2015,"6,29","0,53"
2020-02-01,6,herhervanl,"6,82","0,55"
2020-02-01,1,bernard1237,"2,69","0,00"
2020-02-02,1,koko6259,"2,77","0,43"
2020-02-02,1,alflad,"2,07","0,41"
2020-02-02,1,fr.domi2012,"1,97","0,41"
2020-02-02,1,mistrigri61,"1,87","0,40"
2020-02-02,14,Miccol_36,"3,37","0,45"
2020-02-03,10,pcsap,"5,86","0,00"
2020-02-03,1,filatel,"2,07","0,41"
2020-02-04,2,Marie-hmi-0,"1,87","0,69"
2020-02-04,1,Mounette-16071960,"1,40","0,39"
2020-02-04,1,salto2016,"1,40","0,39"
2020-02-04,1,adjyva,"1,67","0,40"
2020-02-04,2,jacques351,"1,77","0,00"
2020-02-07,1,Marie-hmi-0,"1,37","0,39"
2020-02-08,1,marall_287,"1,50","0,39"
2020-02-09,2,claude.berthet30,"2,97","0,44"
2020-02-09,1,Domi-9042,"1,97","0,41"
2020-02-12,1,jola5092,"2,47","0,42"
2020-02-12,4,herhervanl,"4,51","0,83"
2020-02-13,1,grfla25,"1,40","0,39"
2020-02-13,2,carencypa,"2,97","0,00"
2020-02-15,1,Jean-richardonon0,"1,40","0,39"
2020-02-14,1,dalhia13,"1,40","0,39"
2020-02-15,10,pascalebichette,"1,97","0,41"
2020-02-15,1,philat03,"1,87","0,40"
2020-02-15,1,copain.57leucate,"1,57","0,40"
2020-02-15,1,gilberzaja_0,"1,40","0,39"
2020-02-16,1,chalberty,"1,40","0,39"
2020-02-17,1,5953joseph,"1,17","0,38"
2020-02-17,1,jeroboam62,"1,85","0,40"
2020-02-17,6,noelvaure,"4,47","0,48"
2020-02-18,1,bernard1237,"3,66","0,00"
2020-02-19,,copain.57leucate,"2,50","0,00"
2020-02-21,2,fontcombe,"2,50","0,42"
2020-02-22,1,alainfelix0854,"1,40","0,39"
2020-02-23,1,h2.leinadh,"1,10","0,38"
2020-02-23,1,jlman58,"1,27","0,39"
2020-02-23,1,4365michel,"2,17","0,41"
2020-02-24,1,h2.leinadh,"1,50","0,39"
2020-02-24,1,chrislarmor,"1,87","0,40"
2020-02-24,1,raillot,"1,87","0,40"
2020-02-24,12,pascalebichette,"2,67","0,43"
2020-02-25,2,cachemisere54,"2,60","0,77"
2020-02-25,2,Chantalormea₀,"2,60","0,77"
2020-02-27,1,syljul_28,"7,47","0,57"
2020-02-27,6,philatelaude,"2,97","0,44"
2020-02-28,2,monober67,"3,67","0,80"
2020-02-28,1,egyptesissi73,"1,50","0,39"
2020-02-28,7,sulpicius1397,"6,32","0,00"
2020-02-29,1,adjyva,"5,47","0,51"
2020-03-01,1,K.alain.7,"1,67","0,40"
2020-03-01,1,3782philippe,"2,81","0,43"
2020-03-01,1,couta2014,"1,87","0,40"
2020-03-02,1,bernard1237,"3,76","0,00"
2020-03-02,1,Ledou-thier,"5,97","0,52"
2020-03-03,1,jeanlouis1946,"2,50","0,42"
2020-03-03,2,jlman58,"4,23","0,47"
2020-03-03,1,Grece_2009,"4,47","0,48"
2020-03-03,4,pascalebichette,"1,77","0,40"
2020-03-06,4,elocachou,"3,27","0,44"
2020-03-07,1,Grece_2009,"3,97","0,47"
2020-03-08,1,micmi_6672,"1,40","0,39"
2020-03-08,1,3782philippe,"2,68","0,43"
2020-03-09,1,h2.leinadh,"1,50","0,39"
2020-03-11,1,joelle9443,"1,40","0,39"
2020-03-11,1,avivarelli,"1,50","0,39"
2020-03-11,1,piedu21,"3,47","0,45"
2020-03-11,1,5953joseph,"1,07","0,38"
2020-03-11,1,alain7669,"1,77","0,40"
2020-03-11,1,nicolepauld,"1,77","0,40"
2020-03-12,1,molaylittry,"1,60","0,40"
2020-03-12,1,piedu21,"3,47","0,45"
2020-03-13,1,copain.57leucate,"1,60","0,40"
2020-03-13,1,Grece_2009,"1,27","0,39"
2020-03-14,1,fr.domi2012,"2,37","0,42"
2020-03-14,2,houxiaofu,"2,20","0,41"
2020-03-17,1,francois82100,"1,45","0,39"
2020-03-17,1,tpatrickhenri,"1,10","0,38"
2020-03-17,2,chantalormea_0,"3,00","0,78"
2020-03-18,3,pascalebichette,"3,47","0,45"
2020-03-19,5,amvap,"6,90","0,90"
2020-03-19,2,poulette1383,"6,97","0,55"
2020-03-19,3,jeanlouis1946,"7,62","0,57"
2020-03-21,2,titi802009,"1,67","0,40"
2020-03-22,1,fr.domi2012,"2,97","0,44"
2020-03-22,2,Ludmo-85,"2,80","0,43"
2020-03-22,5,raillot,"3,07","1,30"
2020-03-22,3,poutite,"6,79","0,55"
2020-03-23,1,chtidedemax,"3,47","0,45"
2020-03-24,1,fr.domi2012,"1,37","0,39"
2020-03-31,1,jersey99pascale,"2,05","0,41"
2020-03-31,2,jmc056,"4,37","0,83"
2020-04-01,1,rousseletyvan,"1,17","0,38"
2020-04-20,1,Jerdur_26,"1,30","0,39"
2020-04-22,2,uschy671008,"2,80","0,43"
2020-04-23,2,bernafr.yce7ou,"3,87","0,46"
2020-04-23,1,micmi_6672,"1,40","0,39"
2020-04-24,1,Mounette-16071960,"1,30","0,39"
2020-04-25,3,melsilla,"2,17","0,00"
2020-04-25,,amvap,"10,00","0,00"
2020-04-25,1,camillcrmad0,"2,73","0,43"
2020-04-26,1,robr0042.ixmy14b,"3,47","0,45"
2020-04-28,2,tchousolex,"2,40","0,42"
2020-04-29,1,nbranger85,"3,07","0,44"
2020-04-29,1,bb47600,"1,10","0,38"
2020-04-30,1,bowie800,"1,87","0,40"
2020-04-30,1,syljul_28,"1,30","0,39"
2020-04-30,3,bb47600,"4,00","0,47"
2020-05-01,1,jeanpault9049,"2,70","0,78"
2020-05-03,1,francigasnie0,"2,47","0,42"
2020-05-05,1,petanque936,"2,47","0,00"
2020-05-05,1,jersey99pascale,"2,47","0,42"
2020-05-05,1,281870,"3,06","0,44"
2020-05-07,1,titi802009,"1,56","0,40"
2020-05-08,1,nivacole78,"1,10","0,38"
2020-05-08,1,Xtophe-2013,"2,66","0,43"
2020-05-08,1,olivieheli0,"1,10","0,38"
2020-05-10,6,pascalebichette,"3,45","0,45"
2020-05-10,1,bianci62,"2,66","0,43"
2020-05-10,6,proue44,"2,97","0,44"
2020-05-12,1,Jerombouvie-0,"1,10","0,38"
2020-05-13,1,jola5092,"2,26","0,42"
2020-05-13,3,pcsap,"4,32","0,00"
2020-05-14,1,bb47600,"1,30","0,39"
2020-05-15,1,Jeanbernaroillarbur₀,"1,10","0,38"
2020-05-15,3,brigitte1547,"3,80","0,46"
2020-05-16,1,Ggmem-p4x849,"2,55","0,42"
2020-05-17,1,Domi-9042,"1,10","0,38"
2020-05-18,1,jeanlouis1946,"6,66","0,54"
2020-05-20,1,jeanot95330,"1,40","0,39"
2020-05-20,1,phildes_17,"7,16","0,56"
2020-05-23,1,jmc056,"3,55","0,45"
2020-05-25,2,Guilaingrille₀,"19,61","0,92"
2020-05-25,2,281870,"2,97","0,00"
2020-05-26,x,jlman58,"18,86","0,90"
2020-05-30,1,virgcabdel,"1,40","0,39"
2020-06-01,2,mti671,"3,67","0,46"
2020-06-02,3,jacques351,"2,17","0,00"
2020-06-03,1,fleur26gg,"1,97","0,41"
2020-06-04,2,chantaldlx83,"4,37","0,48"
2020-06-05,1,jacquescollectiontimbres,"1,56","0,40"
2020-06-05,1,kolesam76,"2,67","0,43"
2020-06-06,2,kolesam76,"5,00","0,50"
2020-06-07,2,badaboum78,"2,00","0,41"
2020-06-08,4,koko6259,"4,80","0,49"
2020-06-09,3,melpoi19,"1,37","0,39"
2020-06-09,6,pascalebichette,"3,22","0,44"
2020-06-09,1,trompette1940,"1,20","0,38"
2020-06-09,1,rousseletyvan,"1,17","0,38"
2020-06-10,1,Robercosso₀,"1,20","0,38"
2020-06-11,1,saggradda,"8,46","0,60"
2020-06-11,1,terr6622_7kxqnjxc,"2,07","0,41"
2020-06-11,1,Marie-hmi-0,"4,16","0,47"
2020-06-11,1,jeroboam62,"3,53","0,48"
2020-06-12,1,piedu21,"3,62","0,45"
2020-06-14,4,claudelemaire17wanadoofr2013,"4,97","0,84"
2020-06-15,1,metrica67,"3,33","0,45"
2020-06-15,1,titefouine911,"2,07","0,41"
2020-06-15,1,phildes_17,"1,97","0,41"
2020-06-16,3,mufrap,"1,27","0,39"
2020-06-16,1,lenoyellois,"3,66","0,46"
2020-06-17,3,badaboum78,"2,50","0,00"
2020-06-18,3,wil262wilfrid,"2,17","0,41"
2020-06-18,1,Pascaforti₆,"8,97","0,61"
2020-06-18,8,leaut48,"3,87","0,46"
2020-06-20,1,stamps1955.h.f,"3,47","0,45"
2020-06-20,1,jersey99pascale,"2,16","0,41"
2020-06-20,1,Marie-hmi-0,"1,57","0,40"
2020-06-21,10,pascalebichette,"2,57","0,42"
2020-06-21,1,francsgasni0,"1,97","0,41"
2020-06-21,18,jeanclaude9439,"3,97",
2020-06-23,1,jeanlouis1946,"1,37","0,39"
2020-06-23,1,claudelemaire17wanadoofr2013,"4,47","0,48"
2020-06-24,1,Marie-hmi-0,"1,97","0,41"
2020-06-25,1,Marie-hmi-0,"1,37","0,39"
2020-06-25,1,wil262wilfrid,"2,98","0,44"
2020-06-25,1,piedu21,"1,37","0,39"
2020-06-26,2,claudelemaire17wanadoofr2013,"2,70","0,43"
2020-06-28,1,laure_mett,"3,47","0,45"
2020-06-28,1,Franck._31,"3,47","0,45"
2020-06-29,1,baure61,"1,17","0,38"
2020-06-29,1,Clovis-fr,"1,30","0,39"
2020-06-29,3,louisa1888,"3,67","0,46"
2020-06-29,1,copain.57leucate,"1,97","0,41"
2020-06-30,2,pcsap,"4,51","0,00"
2020-07-01,1,Amiren-4,"6,47","0,54"
2020-07-01,1,jola5092,"2,47","0,42"
2020-07-01,1,gilou256096,"1,97","0,41"
2020-07-01,1,herhervanl,"4,47","0,48"
2020-07-02,3,pascalebichette,"2,29","0,42"
2020-07-02,4,stamps1955.h.f,"7,83","0,58"
2020-07-03,3,domdom0546,"10,47","0,65"
2020-07-04,1,thuilmiche,"1,80","0,00"
2020-07-05,1,isabellem7273,"3,97","0,47"
2020-07-05,1,Boby_30,"1,17","0,38"
2020-07-07,1,bb47600,"1,87","0,40"
2020-07-08,1,Af09_11,"3,97","0,47"
2020-07-08,1,proue44,"1,87","0,40"
2020-07-09,1,botteannick,"6,47","0,54"
2020-07-09,1,yancau0,"2,97","0,44"
2020-07-10,2,lensois02100francoise,"3,00","0,78"
2020-07-11,6,J-bobou-w3pkj5zc,"8,30","0,59"
2020-07-11,1,copain.57leucate,"1,97","0,41"
2020-07-12,1,bowie800,"1,50","0,39"
2020-07-12,1,thuilmiche,"1,50","0,00"
2020-07-13,2,sfx3420,"3,00","0,78"
2020-07-13,4,patmau6323,"4,47","0,48"
2020-07-13,1,Xtophe-2013,"4,97","0,49"
2020-07-14,3,roro1953,"3,00","0,78"
2020-07-14,1,patirian,"3,47","0,45"
2020-07-15,1,bydom38,"5,47","0,51"
2020-07-16,1,Gerarcreti-7,"1,30","0,39"
2020-07-17,1,titi802009,"2,07","0,41"
2020-07-17,x,jlman58,"12,99","0,73"
2020-07-17,3,marchanchan,"3,27","0,44"
2020-07-18,1,jadup24,"1,80","0,40"
2020-07-18,2,claude.berthet30,"6,77","0,55"
2020-07-18,10,stamps1955.h.f,"11,62","0,69"
2020-07-20,4,polska62,"10,90","0,00"
2020-07-20,1,gilou256096,"1,80","0,40"
2020-07-22,2,isabellem7273,"6,45","0,54"
2020-07-22,1,patirian,"1,95","0,41"
2020-07-22,1,luftipaulhenri,"3,42","0,45"
2020-07-23,1,Jean-pauinte-0,"1,80","0,40"
2020-07-23,1,cyrwil,"1,80","0,40"
2020-07-23,1,polska62,"5,50","0,99"
2020-07-23,1,yancau0,"4,95","0,49"
2020-07-25,2,Englishrose0₆,"3,35","0,45"
2020-07-27,2,hepat60,"3,60","0,45"
2020-07-27,1,jeanlouis1946,"4,85","0,49"
2020-07-27,1,cyrwil,"1,80","0,40"
2020-07-27,1,molaylittry,"1,80","0,40"
2020-07-27,1,Hugo2007-2008,"2,05","0,41"
2020-07-30,1,bebertnumero3,"1,80","0,40"
2020-07-30,1,Chrismau-7150,"1,80","0,40"
2020-07-30,8,stamps1955.h.f,"9,89","0,64"
2020-07-30,5,mti671,"6,40","0,54"
2020-07-31,1,jean-louistaskiewic-0,"1,80","0,40"
2020-07-31,1,robr0042.ixmy14b,"1,80","0,40"
2020-07-31,1,andrmayeu0,"6,85","0,55"
2020-08-01,3,christianc01330,"6,45","0,54"
2020-08-02,1,Marie-hmi-0,"1,45","0,39"
2020-08-02,1,Amca_34,"2,15","0,41"
2020-08-04,1,jean-louistaskiewic-0,"3,15","0,44"
2020-08-04,3,isabellem7273,"9,15","0,62"
2020-08-05,1,pejo6257,"3,70","0,46"
2020-08-05,2,jacquescollectiontimbres,"3,18","0,44"
2020-08-05,1,Xtophe-2013,"1,97","0,41"
2020-08-08,1,Englishrose0₆,"2,05","0,41"
2020-08-08,1,elocachou,"2,85","0,43"
2020-08-08,1,syljul_28,"8,00","0,58"
2020-08-08,1,patbar74210,"1,45","0,39"
2020-08-09,1,bichonchoupette,"6,85","0,55"
2020-08-11,3,281870,"2,66","0,43"
2020-08-11,2,herhervanl,"3,45","0,45"
2020-08-11,2,melvyndesert,"3,35","0,45"
2020-08-11,1,Pascaforti₆,"4,85","0,49"
2020-08-11,1,isabellem7273,"3,90","0,46"
2020-08-11,4,pcsap,"6,39","0,00"
2020-08-12,1,pejo6257,"1,50","0,39"
2020-08-14,3,morofra,"5,80","0,00"
2020-08-17,1,Duthe-anai,"2,68","0,43"
2020-08-19,1,francoispierre2008,"1,50","0,39"
2020-08-20,1,vikou,"1,50","0,39"
2020-08-20,2,cassis1,"2,20","0,41"
2020-08-21,1,lensois02100francoise,"2,00","0,41"
2020-08-22,1,Joeadni₀,"1,80","0,40"
2020-08-22,3,amvap,"5,30","0,50"
2020-08-23,2,copain.57leucate,"4,76","0,49"
2020-08-25,1,lenoyellois,"2,75","0,43"
2020-08-29,1,Englishrose0₆,"1,85","0,40"
2020-08-29,1,jeanlouis1946,"5,85","0,52"
2020-08-29,1,Boby_30,"4,35","0,48"
2020-08-29,1,1papouvert,"3,35","0,45"
2020-08-30,2,patbar74210,"1,50","0,39"
2020-08-30,2,hepat60,"5,05","0,50"
2020-08-30,1,nouca2411,"2,85","0,43"
2020-08-30,1,herhervanl,"5,35","0,51"
2020-08-30,1,melvyndesert,"1,85","0,40"
2020-08-31,1,valeriane13,"2,85","0,43"
2020-09-02,2,cyanure4819,"3,50","0,80"
2020-09-02,2,Danjou-48,"3,50","0,80"
2020-09-05,1,phiph.b.krkav8t,"1,50","0,39"
2020-09-06,1,Ggmem-p4x849,"4,35","0,48"
2020-09-07,1,birdwatch56,"2,85","0,43"
2020-09-08,1,Palpal-r1ryqfnh,"3,35","0,45"
2020-09-08,1,piedu21,"2,35","0,42"
2020-09-08,X,patbar74210,"3,00","0,00"
2020-09-09,1,elocachou,"3,85","0,46"
2020-09-09,2,Chantalormea₀,"3,00","0,78"
2020-09-09,1,nenecnea,"1,60","0,40"
2020-09-10,1,jeanpault9049,"2,00","0,41"
2020-09-11,1,piedu21,"1,95","0,41"
2020-09-11,1,timbre0328,"2,00","0,41"
2020-09-11,1,piedu21,"2,85","0,43"
2020-09-12,11,yann5299,"6,65","0,54"
2020-09-12,1,frisquette0,"6,90","0,55"
2020-09-12,1,elocachou12,"4,35","0,48"
2020-09-13,1,richafr_fyvasg,"2,85","0,43"
2020-09-14,1,alain7669,"2,85","0,43"
2020-09-15,2,titi802009,"3,35","0,45"
2020-09-15,1,Englishrose0₆,"1,75","0,40"
2020-09-15,1,melvyndesert,"2,85","0,43"
2020-09-15,4,Virgch-8839,"6,40","0,54"
2020-09-16,1,birdwatch56,"2,35","0,42"
2020-09-17,1,arytmi,"1,79","0,00"
2020-09-17,4,roedrerone,"4,10","0,47"
2020-09-17,1,kadomi58,"3,35","0,45"
2020-09-18,1,Duthe-anai,"5,35","0,51"
2020-09-19,1,stock6257,"2,00","0,41"
2020-09-20,1,Amiren-4,"4,35","0,48"
2020-09-21,2,herhervanl,"3,38","0,45"
2020-09-21,1,jeanpault9049,"2,55","0,42"
2020-09-21,1,Sauzd-miche,"8,35","0,59"
2020-09-21,1,monober67,"3,25","0,44"
2020-09-24,1,phildes_17,"4,35","0,48"
2020-09-24,1,timbre_enchere,"1,80","0,40"
2020-09-24,1,gb94000,"1,80","0,40"
2020-09-25,2,chalix01,"3,30","0,45"
2020-09-26,1,piedu21,"4,35","0,48"
2020-09-27,1,titi802009,"2,35","0,42"
2020-09-27,1,jacquescollectiontimbres,"1,45","0,39"
2020-09-28,1,mony10christian,"3,35","0,45"
2020-09-28,2,pascalebichette,"3,15","0,44"
2020-09-28,1,281870,"2,35","0,42"
2020-09-28,1,enochwallace,"4,85","0,49"
2020-09-29,2,laure_mett,"3,62","0,45"
2020-09-30,1,Grece_2009,"3,35","0,45"
2020-09-30,2,charlos83cvca,"3,00","0,44"
2020-10-02,3,herhervanl,"8,86","0,61"
2020-10-02,1,Grece_2009,"3,35","0,45"
2020-10-02,3,Frit0₁,"4,80","0,49"
2020-10-03,2,charlos83cvca,"3,85","0,46"
2020-10-04,4,arytmi,"2,20","0,00"
2020-10-05,3,herhervanl,"10,35","0,65"
2020-10-05,1,piedu21,"2,15","0,41"
2020-10-05,1,fr.domi2012,"1,55","0,39"
2020-10-05,1,jack11150,"3,85","0,46"
2020-10-07,1,sfx3420,"1,80","0,40"
2020-10-07,1,molaylittry,"2,00","0,41"
2020-10-07,4,pcsap,"6,14","0,00"
2020-10-08,3,catoune76700,"1,65","0,40"
2020-10-08,1,christianc01330,"2,00","0,41"
2020-10-12,2,valeriane13,"3,14","0,44"
2020-10-13,1,saggradda,"3,85","0,46"
2020-10-14,3,pascalebichette,"3,97","0,47"
2020-10-15,6,elocachou,"4,41","0,48"
2020-10-15,1,louimiramo0,"7,35","0,56"
2020-10-15,1,Dangay.2013,"6,35","0,53"
2020-10-16,1,bianci62,"2,85","0,43"
2020-10-16,1,3782philippe,"2,86","0,43"
2020-10-18,2,francois82100,"3,47","0,45"
2020-10-18,12,schaa-fr2015,"19,27","0,91"
2020-10-18,1,michelm27,"3,85","0,46"
2020-10-19,1,trique0,"1,80","0,40"
2020-10-19,2,trique0,"3,00","0,44"
2020-10-19,1,piedu21,"2,97","0,44"
2020-10-20,1,gerjac49,"4,47","0,00"
2020-10-20,1,sfx3420,"2,00","0,41"
2020-10-20,1,tpatrickhenri,"1,80","0,40"
2020-10-20,1,lenoyellois,"2,85","0,43"
2020-10-20,1,Marie-hmi-0,"1,40","0,39"
2020-10-20,1,Brun-pdxago8,"3,35","0,45"
2020-10-20,1,Ggmem-p4x849,"4,85","0,49"
2020-10-21,2,timbre_enchere,"3,40","0,44"
2020-10-21,1,Chris-4648,"5,35","0,51"
2020-10-22,1,clafou0,"2,35","0,42"
2020-10-22,2,tipotop83,"3,80","0,46"
2020-10-25,2,jeanlouis1946,"7,91","0,58"
2020-10-25,1,bouc4532,"3,45","0,45"
2020-10-25,1,Ancris_65,"3,85","0,46"
2020-10-25,3,yo6371,"2,55","0,42"
2020-10-25,1,jeff54600,"2,00","0,41"
2020-10-25,1,Pascal.53,"9,35","0,62"
2020-10-26,1,axelan94,"3,40","0,45"
2020-10-27,1,jeanlouis1946,"6,85","0,55"
2020-10-27,1,clafou0,"2,85","0,43"
2020-10-27,1,bouc4532,"5,85","0,52"
2020-10-28,12,andre.guerin76,"14,00","0,00"
2020-10-28,1,Grece_2009,"2,55","0,42"
2020-10-28,3,zorba7808christian,"4,56","0,48"
2020-10-28,1,Syljul_60,"6,85","0,55"
2020-10-29,1,fr.domi2012,"1,55","0,39"
2020-10-30,1,oboi7399,"1,80","0,40"
2020-10-30,1,Ica-90,"2,00","0,41"
2020-10-31,1,claudelemaire17wanadoofr2013,"2,35","0,42"
2020-10-31,3,pascalebichette,"4,36","0,48"
2020-11-01,1,Bellou-2009,"1,80","0,40"
2020-11-02,1,stock6257,"2,00","0,41"
2020-11-03,2,patbar74210,"3,30","0,45"
2020-11-03,1,mbb36,"4,47","0,48"
2020-11-03,5,nbranger85,"3,17","0,44"
2020-11-03,1,yt2013ft,"2,76","0,43"
2020-11-05,1,fr.domi2012,"5,35","0,51"
2020-11-05,1,onlytiti,"6,87","0,55"
2020-11-05,3,3782philippe,"6,55","0,54"
2020-11-06,20,andre.guerin76,"23,00","0,00"
2020-11-09,2,valeriane13,"3,39","0,45"
2020-11-09,1,drobert6957,"4,35","0,48"
2020-11-09,4,281870,"3,38","0,45"
2020-11-10,1,saggradda,"7,85","0,58"
2020-11-10,2,catoune76700,"1,85","0,40"
2020-11-10,2,jacques351,"2,85","0,43"
2020-11-13,1,Bellou-2009,"2,00","0,41"
2020-11-13,1,beaucamps80,"5,45","0,51"
2020-11-14,1,patbar74210,"1,45","0,39"
2020-11-14,1,fr.domi2012,"3,35","0,45"
2020-11-14,3,polska62,"2,00","0,00"
2020-11-14,1,Sabte_13,"3,35","0,45"
2020-11-16,10,andre.guerin76,"11,50","0,00"
2020-11-14,x,patbar74210,"3,00","0,00"
2020-11-17,1,Franvi_088,"2,85","0,43"
2020-11-18,1,Michj-36,"2,85","0,43"
2020-11-19,1,bibi155,"4,35","0,48"
2020-11-21,6,pcsap,"11,12","0,00"
2020-11-21,1,herhervanl,"6,90","0,55"
2020-11-22,4,3191blot,"5,85","0,52"
2020-11-22,1,fr.domi2012,"3,91","0,46"
2020-11-22,1,opale9581,"1,95","0,41"
2020-11-22,1,francis54450,"3,85","0,46"
2020-11-23,1,titi802009,"4,94","0,49"
2020-11-22,1,micmi_6672,"2,00","0,41"
2020-11-24,3,isabellem7273,"10,85","0,66"
2020-11-24,2,titi802009,"9,66","0,63"
2020-11-26,1,pascalebichette,"2,92","0,43"
2020-11-27,1,clafou0,"2,15","0,41"
2020-11-28,2,polska62,"3,57","0,00"
2020-12-01,1,romont_fr,"14,44","0,77"
2020-12-03,1,monober67,"4,15","0,47"
2020-12-03,x,cartonanard,"9,03","0,00"
2020-12-03,2,proue44,"3,45","0,45"
2020-12-04,2,Jeremy13_03,"14,11","0,76"
2020-12-06,1,clafou0,"2,35","0,42"
2020-12-07,1,labreizh56,"2,35","0,42"
2020-12-07,1,jersey99pascale,"1,65","0,40"
2020-12-08,1,izakoum76,"3,85","0,46"
2020-12-08,1,titi802009,"3,04","0,44"
2020-12-08,1,daniel542209,"3,44","0,45"
2020-12-08,1,Jeronimo-31,"8,60","0,60"
2020-12-08,3,elocachou,"5,50","0,51"
2020-12-09,1,moirene23349,"3,35","0,45"
2020-12-09,1,claudelemaire17wanadoofr2013,"3,35","0,45"
2020-12-10,1,bianci62,"3,85","0,46"
2020-12-10,1,Jeremy_1303,"3,85","0,46"
2020-12-13,1,jeanlouis1946,"7,35","0,56"
2020-12-14,1,jrjr1925,"3,85","0,46"
2020-12-15,2,pascalebichette,"2,55","0,42"
2020-12-19,1,clafou0,"2,05","0,41"
2020-12-19,2,melvyndesert,"4,66","0,49"
2020-12-20,1,chris_adamc,"7,29","0,56"
2020-12-20,1,jola5092,"2,85","0,43"
2020-12-23,4,arytmi,"2,30","0,00"
2020-12-23,1,gerjac49,"5,35","0,00"
2020-12-23,1,domdom0546,"4,08","0,47"
2020-12-23,1,Alaf-3209,"3,50","0,45"
2020-12-26,1,k.alain.7,"3,50","0,45"
2020-12-26,1,Michj-36,"1,80","0,40"
2020-12-26,3,Didso₈,"5,85","0,52"
2020-12-26,1,clafou0,"2,35","0,42"
2020-12-27,1,papiloule,"2,85","0,43"
2020-12-27,1,papiloule,"3,95","0,46"
2020-12-27,1,edmcarpe0,"14,44","0,77"
2020-12-28,x,andre.guerin76,"10,00","0,00"
2020-12-28,x,andre.guerin76,"6,50","0,00"
2020-12-29,1,pejo6257,"1,80","0,40"
2020-12-29,1,papiloule,"5,20","0,50"
2020-12-31,1,domdom0546,"1,40","0,39"
2019-01-04,1,grece_2009,"2,09","0,32"
2019-01-04,3,titefouine911,"4,09","0,39"
2019-01-04,9,pcsap,"4,5","0,4"
2019-01-04,1,thuilmiche,"1,48",0
2019-01-06,1,richafr_fyvasg,"2,59","0,34"
2019-01-06,1,itou72,2,0
2019-01-06,1,flopas25,"2,08","0,32"
2019-01-06,2,mti671,"2,46","0,33"
2019-01-09,1,chausson-2,"0,5","0,27"
2019-01-11,5,proue44,"1,48","0,3"
2019-01-11,3,trompette1940,"3,5","0,37"
2019-01-11,1,bianci62,"1,88","0,31"
2019-01-11,1,cob92,"2,69","0,34"
2019-01-11,1,poulette1383,"2,25","0,33"
2019-01-15,1,annemaras,"1,58","0,3"
2019-01-15,1,lambart1213,"1,88","0,31"
2019-01-17,1,hiffie,"2,11",0
2019-01-18,2,Jeronimo-31,"1,7","0,31"
2019-01-18,1,henr_douc,"1,58","0,3"
2019-01-22,1,orela33,"0,8",0
2019-01-22,3,isabellem7273,"6,4","0,47"
2019-01-22,3,thuilmiche,"2,78",0
2019-01-26,8,vecenet,"2,68","0,34"
2019-01-26,10,pcsap,"4,5","0,4"
2019-01-26,1,francis54450,"1,58","0,3"
2019-01-26,1,poulette1383,"1,28","0,29"
2019-01-26,1,alexan94,"3,38","0,36"
2019-02-01,2,poulette1383,"2,4","0,33"
2019-02-01,1,dominiqudeboevr0,"0,98",0
2019-02-01,1,mounette-16071960,"1,88","0,31"
2019-02-01,1,claudelemaire17wanadoofr2013,"1,99","0,32"
2019-02-02,1,yve-audr,"1,48","0,3"
2019-02-02,3,patbar74210,"2,88","0,35"
2019-02-02,1, vertvertmichel,"6,38","0,47"
2019-02-03,1,sofissoweb,"0,98","0,28"
2019-02-03,1,cochr_c_hb4v6b,"1,58","0,3"
2019-02-03,1,1948cricrival,"1,58","0,3"
2019-02-03,1,louimiramo0,"1,58","0,3"
2019-02-04,3,Jeronimo-31,"1,68","0,31"
2019-02-04,6,cob92,"6,88","0,73"
2019-02-05,2,herhervanl,"5,01","0,42"
2019-02-06,1,danieletouzi0,"1,48","0,3"
2019-02-07,3,bobquatre,"3,3",0
2019-02-07,1,bouc4532,"5,5","0,44"
2019-02-07,1,kaoru11512,"1,88","0,31"
2019-02-08,1,olivierou_4,"0,98","0,28"
2019-02-09,1,lego.jean,"1,88",0
2019-02-12,1,bouc4532,"4,38","0,4"
2019-02-13,1,6041sergeb,"3,38","0,36"
2019-02-15,1,isabellem7273,"5,38","0,43"
2019-02-17,1,ezabizi,"1,55","0,3"
2019-02-18,2,thuilmiche,"0,3",0
2019-02-21,1,vanelie911,"3,38","0,36"
2019-02-21,1,pascalebichette,"2,38","0,33"
2019-02-23,3,jacquescollectiontimbres,"5,44","0,64"
2019-02-24,1,melvyndesert,"2,38","0,33"
2019-02-24,1,grece_2009,"3,88","0,38"
2019-02-24,5,cob92,"5,79","0,45"
2019-02-24,1,arytmi,"1,1",0
2019-02-28,1,grece_2009,"2,88","0,35"
2019-02-28,1,nounet21-2007,"2,88","0,35"
2019-02-28,1,cob92,"2,38","0,33"
2019-03-01,2,cob92,"1,6",0
2019-03-04,5,cob92,"9,48","0,57"
2019-03-04,2,epauledemix2012,"2,46","0,33"
2019-03-04,2,pascalebichette,"2,62","0,34"
2019-03-04,1,thuilmiche,1,0
2019-03-04,12,pcsap,"3,66","1,76"
2019-03-07,2,1papouvert,"2,68","0,34"
2019-03-07,1,nounet21-2007,"2,58","0,34"
2019-03-09,1,cob92,"1,38","0,3"
2019-03-09,4,herhervanl,"3,58","0,37"
2019-03-11,1,jeanlouis1946,"0,98","0,28"
2019-03-14,2,petanque936,"2,08",0
2019-03-14,3,pascalebichette,"1,28","0,29"
2019-03-17,2,jeroboam62,"2,88","0,35"
2019-03-17,1,chrislarmor,"1,63","0,31"
2019-03-17,2,malhove,"4,83","0,41"
2019-03-18,2,marie-hmi-0,"1,96","0,56"
2019-03-20,1,grece_2009,"1,08","0,29"
2019-03-25,1,michel010152,"6,38","0,47"
2019-03-26,2,thuilmiche,"3,68",0
2019-03-26,1,andrmayeu0,"4,88","0,42"
2019-03-26,1,gege64o559,"1,58","0,3"
2019-03-26,2,phildes_17,"3,48","0,37"
2019-03-26,1,dangay.2013,"2,18","0,32"
2019-03-26,1,epauledemix2012,"5,38","0,43"
2019-03-26,4,cob92,"4,98","0,42"
2019-03-29,1,berbern_g7fy4,"1,38","0,3"
2019-03-29,1,duthe-anai,"1,48","0,3"
2019-03-29,1,flopas25,"1,88","0,31"
2019-03-31,10,touristemoto,"2,58","0,34"
2019-03-31,1,francois82100,"1,08","0,29"
2019-03-31,1,gercoc-98,"0,98","0,28"
2019-03-31,2,sengal34,"2,28","0,33"
2019-04-02,1,rene23349,"2,08","0,32"
2019-04-02,1,gege64o559,"5,38","0,43"
2019-04-02,2,jpplan83,"6,26","0,46"
2019-04-02,2,clafou0,"4,76","0,41"
2019-04-02,2,pascalebichette,"2,3","0,33"
2019-04-04,1,chris-4648,"4,88","0,42"
2019-04-04,1,2015frtomas,"2,88","0,35"
2019-04-04,1,Yvebrianso,"2,38","0,33"
2019-04-08,2,mti671,"2,08","0,32"
2019-04-08,1,cachemisere54,"1,58","0,3"
2019-04-08,1,mbb36,"4,38",0
2019-04-08,3,elocachou12,"1,18","0,29"
2019-04-08,1,gege64o559,"2,08","0,32"
2019-04-08,4,cob92,"5,3","0,43"
2019-04-13,1,59bd52,"1,58","0,3"
2019-04-17,1,lenoyellois,"2,88","0,35"
2019-04-19,6,elocachou12,"1,58","0,3"
2019-04-19,1,grece_2009,"2,63","0,34"
2019-04-21,5,arytmi,"1,49",0
2019-04-21,1,timbrer007,"0,98","0,28"
2019-04-21,1,6041sergeb,"2,38","0,33"
2019-04-23,1,jack11150,"3,38","0,36"
2019-04-23,1,drobert6957,"2,88","0,35"
2019-04-23,1,patje78,"2,08","0,32"
2019-04-23,1,bernard1237,"1,58",0
2019-04-26,1,laurent-dub63,"1,88","0,31"
2019-04-26,1,xmy5562014,"2,88","0,35"
2019-04-28,1,oboi7399,"1,58","0,3"
2019-04-28,1,faanand-nlpmzygo,"3,08","0,35"
2019-05-01,14,pcsap,"5,14",0
2019-05-02,1,yancau0,"2,88","0,35"
2019-05-02,2,jeanlouis1946,"4,38","0,4"
2019-05-02,9,cob92,"11,93","0,66"
2019-05-06,1,oboi7399,"2,88","0,35"
2019-05-07,1,grece_2009,"1,58","0,3"
2019-05-08,2,281870,"2,96","0,35"
2019-05-08,1,jeroboam62,"1,88","0,31"
2019-05-09,1,claudeb5944,"3,38","0,36"
2019-05-11,1,jeanlouis1946,"1,88","0,31"
2019-05-11,1,mbb36,"4,88",0
2019-05-14,1,lenoyellois,"2,88","0,35"
2019-05-15,1,couta2014,"1,88","0,31"
2019-05-15,7,noelvaure,"5,48","0,44"
2019-05-15,1,td9141,1,"0,28"
2019-05-16,1,3782philippe,"2,38","0,33"
2019-05-17,3,francis54450,"5,08","0,42"
2019-05-17,1,grece_2009,"2,38","0,33"
2019-05-20,7,jeronimo-31,"3,88","0,38"
2019-05-21,1,jpicq,"1,68","0,31"
2019-05-21,2,jeanlouis1946,"5,26","0,43"
2019-05-21,1,jorge94170,"2,88","0,35"
2019-05-22,3,avivarelli,"6,56","0,73"
2019-05-23,1,jeanlouis1946,"4,63","0,41"
2019-05-23,4,jacques351,"2,48",0
2019-05-23,3,jeroboam62,"1,68","0,31"
2019-05-27,2,3782philippe,"2,28","0,33"
2019-05-27,1,flopas25,"1,88","0,31"
2019-05-31,1,phildes_17,"1,58","0,3"
2019-05-31,1,moijla69,"3,38","0,36"
2019-05-31,2,moisajeanc,"2,28","0,33"
2019-06-01,5,cob92,"4,13","0,39"
2019-06-01,1,ramses234000,"2,38","0,33"
2019-06-04,1,jeanlouis1946,"1,48","0,3"
2019-06-04,1,1948cricrival,"1,88","0,31"
2019-06-06,3,arytmi,"2,47",0
2019-06-09,1,247christophe,"2,88","0,43"
2019-06-10,2,vertvertmichel,"4,58","0,48"
2019-06-10,3,sevel0,"3,78",0
2019-06-11,1,alai.colom,"0,98","0,38"
2019-06-12,1,michel010152,"2,08","0,41"
2019-06-12,2,vieuxtimbre,"2,48","0,42"
2019-06-12,3,vertvertmichel,"3,58","0,45"
2019-06-12,3,frit0_1,"1,38","0,39"
2019-06-12,1,jeff54600,"1,68","0,4"
2019-06-12,1,annemaras,"2,18","0,41"
2019-06-12,1,6041sergeb,"3,88","0,46"
2019-06-13,3,gonzas33,"4,64","0,48"
2019-06-13,14,pcsap,"6,66","1,76"
2019-06-17,3,gonzas33,"1,18","0,38"
2019-06-17,1,cob92,"2,38","0,42"
2019-06-20,1,mipp-2013,"2,55","0,42"
2019-06-20,1,beatamb0,"1,85","0,4"
2019-06-22,1,melvyndesert,"3,55","0,41"
2019-06-22,1,angreg_4993,1,"0,38"
2019-06-25,1,saggradda,"2,35","0,42"
2019-06-26,1,marie-hmi-0,"0,98","0,38"
2019-06-27,2,bernard1237,"4,98",0
2019-06-27,2,isabellem7273,"5,18","0,5"
2019-06-27,1,olivierzitoune84,"1,08","0,38"
2019-06-27,3,small2bernadette,"4,44","0,48"
2019-06-28,4,cob92,"2,78","0,43"
2019-06-29,6,proue44,"8,38","0,59"
2019-07-02,1,titefouine911,"2,88","0,43"
2019-07-03,4,pascalebichette,"4,81","0,49"
2019-07-04,3,herhervanl,"6,38","0,54"
2019-07-07,1,annemaras,"3,05","0,44"
2019-07-08,1,grece_2009,"5,88","0,52"
2019-07-08,2,adeline397,"3,38","0,45"
2019-07-08,1,2015frtomas,"2,18","0,41"
2019-07-08,1,marie-hmi-0,"1,88","0,4"
2019-07-13,1,jeanlouis1946,"1,58","0,4"
2019-07-14,1,jeff54600,"1,58","0,4"
2019-07-14,1,mony10christian,"6,38","0,54"
2019-07-15,6,281870,"4,88","0,49"
2019-07-15,1,jack11150,"4,38","0,48"
2019-07-16,1,titefouine911,"1,68","0,4"
2019-07-16,1,jeanlouis1946,"3,48","0,45"
2019-07-17,2,proue44,"1,58","0,4"
2019-07-17,4,sevel0,"5,28","0,5"
2019-07-17,4,jeroboam62,"3,88","0,46"
2019-07-17,2,vieuxtimbre,"3,08","0,44"
2019-07-19,2,francois82100,"3,33","0,45"
2019-07-20,1,jeanlouis1946,"2,49","0,42"
2019-07-22,1,zk13690,"1,08","0,38"
2019-07-22,2,grece_2009,"8,08","0,58"
2019-07-21,1,saggradda,"2,18","0,41"
2019-07-22,2,alain7669,"4,16","0,47"
2019-07-23,1,herhervanl,"2,38","0,42"
2019-07-23,10,melvyndesert,"11,38","0,68"
2019-07-25,4,281870,"3,68","0,46"
2019-07-25,1,jeff54600,2,"0,41"
2019-07-27,4,titefouine911,"3,38","0,45"
2019-07-28,1,grece_2009,"2,88","0,43"
2019-07-28,2,baure61,"3,51","0,45"
2019-07-30,1,saggradda,"7,38","0,56"
2019-07-30,1,piedu21,"1,08","0,38"
2019-07-31,3,cob92,"5,78","0,52"
2019-08-02,1,1948cricrival,"2,18","0,41"
2019-08-02,2,patbar74210,"2,48","0,42"
2019-08-02,2,mti671,"2,48","0,42"
2019-08-07,3,proue44,"4,28","0,47"
2019-08-07,1,pascalebichette,"1,8","0,4"
2019-08-07,1,kanard59,"1,68",0
2019-08-10,4,thuilmiche,"5,01",0
2019-08-18,4,didso_8,"3,88","0,46"
2019-08-18,1,cedver,"1,58","0,4"
2019-08-19,2,k.alain.7,"2,28","0,42"
2019-08-20,1,beatricebeata45,"1,18","0,38"
2019-08-21,1,onober67,"3,88","0,46"
2019-08-22,2,drobert6957,"1,08","0,38"
2019-08-25,1,rene23349,"3,88","0,46"
2019-08-25,9,pascalebichette,"1,88","0,4"
2019-08-26,20,elocachou12,"4,88","0,49"
2019-08-27,2,jacques351,"1,38",0
2019-08-29,31,miccol_36,"6,18","0,53"
2019-08-30,9,herhervanl,"4,78","0,49"
2019-08-31,3,jeroboam62,"2,68","0,43"
2019-08-31,14,jeronimo-31,"2,98","0,44"
2019-08-31,1,mistigri61,"2,38","0,42"
2019-09-01,2,vertvertmichel,"1,1","0,38"
2019-09-01,1,claudpressoi-0,"2,48","0,42"
2019-09-02,1,zk13690,"1,68","0,4"
2019-09-06,11,pascalebichette,"5,5","0,86"
2019-09-06,6,xtophe-2013,"3,78","0,46"
2019-09-07,1,beatricebeata45,"3,38","0,45"
2019-09-08,25,elocachou12,"4,88","0,49"
2019-09-09,5,281870,"3,58","0,45"
2019-09-09,1,jersey99pascale,"1,78","0,4"
2019-09-10,1,francigasni0,"2,88","0,43"
2019-09-11,1,gb94000,"1,68","0,4"
2019-09-12,12,jeronimo-31,"2,88","0,43"
2019-09-13,1,chrispren-0,"1,88","0,4"
2019-09-13,3,philien67,"3,85","0,46"
2019-09-13,1,valeriane13,"0,98","0,38"
2019-09-13,3,olivierzitoune84,"1,68","0,4"
2019-09-13,3,philien67,"3,85","0,46"
2019-09-13,15,georgecangian_0,"15,78",0
2019-09-15,1,jeff54600,"2,18","0,41"
2019-09-15,5,pcsap,"3,33",0
2019-09-15,4,benmoto52,"2,48","0,42"
2019-09-18,11,pascalebichette,"3,68","0,46"
2019-09-18,1,1948cricrival,"1,68","0,4"
2019-09-18,8,cob92,"6,77","0,55"
2019-09-19,2,proue44,"1,18","0,38"
2019-09-19,4,selkisvalinka,"3,9","0,46"
2019-09-21,1,poulette1383,"2,38","0,42"
2019-09-21,1,francois82100,"1,88","0,4"
2019-09-22,16,herhervanl,"13,06","0,73"
2019-09-24,20,miccol_36,"3,38","0,45"
2019-09-25,13,elocachou12,"2,38","0,42"
2019-09-25,3,jmc056,"5,03","0,5"
2019-09-25,1,nocam52,"1,08","0,38"
2019-09-29,1,k.alain.7,"0,98","0,38"
2019-09-29,5,pascalebichette,"2,39","0,42"
2019-10-01,6,herhervanl,"5,38","0,51"
2019-10-01,6,valeriane13,"1,88","0,4"
2019-10-01,1,k.alain.7,"2,55","0,42"
2019-10-01,1,88honorine,"0,98","0,38"
2019-10-02,6,valeriane13,"1,88","0,4"
2019-10-04,2,2818170,"4,5",0
2019-10-05,7,boxoejocel,"5,61",
2019-10-06,16,miccol_36,"3,08","0,44"
2019-10-07,6,herhervanl,"4,93","0,49"
2019-10-08,5,pascalebichette,"2,74","0,43"
2019-10-08,4,gunauti_0,"2,68","0,43"
2019-10-08,1,henr_douc,"1,68","0,4"
2019-10-08,1,mony10christian,"2,35","0,42"
2019-10-09,4,proue44,"1,38","0,39"
2019-10-09,2,couta2014,"3,38","0,45"
2019-10-09,2,nouca2411,"1,88","0,4"
2019-10-10,3,herhervanl,"5,45","0,51"
2019-10-10,3,jeroboam62,"2,28","0,42"
2019-10-10,1,drenec56,"2,1","0,41"
2019-10-11,2,stamps1955.h.f,"3,88","0,46"
2019-10-12,2,mariebernadette6797,"1,08","0,38"
2019-10-13,1,ratail88,"1,58","0,4"
2019-10-16,4,herhervanl,"3,68","0,46"
2019-10-19,1,xmy5562014,"0,98","0,38"
2019-10-20,16,jeronimo-31,"4,28","0,47"
2019-10-20,2,charlyjacqueline,"5,05","0,5"
2019-10-20,1,jeroboam62,"5,15","0,5"
2019-10-21,13,pascalebichette,"5,4","0,51"
2019-10-22,6,cob92,"1,48","0,39"
2019-10-22,1,lensois02100francoise,"1,88","0,4"
2019-10-22,2,1papouvert,"3,85","0,46"
2019-10-22,1,epauledemix2012,"2,38","0,42"
2019-10-23,20,miccol_36,"4,58","0,48"
2019-10-23,1,coldesm-32,"1,58","0,4"
2019-10-24,2,thi888,"2,96","0,44"
2019-10-24,5,herhervanl,"2,28","0,42"
2019-10-25,4,Gunauti,"3,9",0
2019-10-27,5,pascalebichette,"1,58","0,4"
2019-10-28,10,elocachou12,"2,38","0,42"
2019-10-31,1,09bruno64,"1,2","0,38"
2019-11-01,2,sylbour39,"2,2","0,41"
2019-11-02,1,Gunauti₀,"1,08","0,38"
2019-11-05,1,ccmga1,"1,2","0,38"
2019-11-06,1,cartonanard,"1,2","0,38"
2019-11-06,3,herhervanl,"5,14","0,5"
2019-11-07,1,grece_2009,"3,38","0,45"
2019-11-07,4,miccol_36,"1,98","0,41"
2019-11-08,6,bernard1237,"13,38",0
2019-11-08,1,duthe-anai,1,"0,38"
2019-11-09,1,francois82100,"1,2","0,38"
2019-11-09,1,roro1953,"1,2","0,38"
2019-11-10,6,gerjac49,"5,93","0,52"
2019-11-11,1,kadomi58,"1,2","0,38"
2019-11-11,2,bowie800,"2,2","0,76"
2019-11-12,8,elocachou12,"2,28","0,42"
2019-11-13,1,pascalebichette,"1,18","0,38"
2019-11-13,2,Gunauti₀,"2,96","0,78"
2019-11-13,1,phildes_17,"1,88","0,4"
2019-11-13,1,jeanclaude2351,"2,19","0,41"
2019-11-13,1,coldesm-32,"1,58","0,4"
2019-11-13,4,micmi_6672,"4,8","1,52"
2019-11-14,3,henr_douc,"1,48","0,39"
2019-11-14,1,molaylittry,"1,2","0,38"
2019-11-16,4,timbrer007,"4,3","0,47"
2019-11-17,1,drobert6957,"2,58","0,42"
2019-11-19,1,duthe-anai,"2,38","0,42"
2019-11-19,4,pcsap,"2,58",0
2019-11-20,1,manti2007 ,"3,88","0,46"
2019-11-20,1,palombe49,"2,58","0,42"
2019-11-21,2,melvyndesert,"5,88","0,52"
2019-11-22,1,molaylittry,"1,3","0,39"
2019-11-25,4,elocachou12,"1,78","0,4"
2019-11-25,2,proue44,"1,7","0,4"
2019-11-25,1,6041sergeb,"1,38","0,39"
2019-11-25,2,melvyndesert,"2,08","0,41"
2019-11-25,1,piedu21,"1,58","0,4"
2019-11-25,1,jpplan83,"3,08","0,44"
2019-11-28,1,cob92,"1,5","0,39"
2019-12-01,1,sylvie568,"1,3","0,39"
2019-12-01,1,francigasnie0,"0,98","0,38"
2019-12-03,1,alberdhenni0,"0,98","0,38"
2019-12-05,1,sylvie568,"3,08","0,44"
2019-12-05,8,mti671,"9,12","0,61"
2019-12-05,1,jola5092,"2,45","0,42"
2019-12-05,1,erloq47,1,"0,38"
2019-12-05,1,herhervanl,"5,05","0,5"
2019-12-05,1,2007estrela,"1,87","0,4"
2019-12-07,1,philmjce-0,1,"0,38"
2019-12-07,1,cyrwil,"1,2","0,38"
2019-12-07,1,vieuxtimbre,"1,2","0,38"
2019-12-08,1,mariethe*2015,"3,85","0,46"
2019-12-08,1,piedu21,"1,95","0,41"
2019-12-08,2,jfnenette.83,"4,08","0,47"
2019-12-08,1,281870,"2,38","0,42"
2019-12-08,3,cob92,"2,68","0,43"
2019-12-09,1,roro1953,"1,18","0,38"
2019-12-09,1,saggradda,"6,55","0,54"
2019-12-10,1,erloq47,1,"0,38"
2019-12-11,1,britonsurfer,"3,38","0,45"
2019-12-08,1,bernard1237,"3,88",0
2019-12-15,5,pascalebichette,"2,88","0,43"
2019-12-15,2,letertre72400,3,"0,78"
2019-12-16,1,chantaldlx83,"2,38","0,42"
2019-12-16,1,thi888,"4,05","0,47"
2019-12-18,2,psgilles2010,"3,96","0,46"
2019-12-18,1,Olivienavea-0,"4,05","0,47"
2019-12-19,1,roro1953,"3,05","0,44"
2019-12-21,5,arytmi,"1,9",0
2019-12-21,7,raillot,"5,25","0,5"
2019-12-18,1,Piese₂,"2,08",0
2019-12-25,5,leaut48,"2,25","0,42"
2019-12-25,2,cob92,"1,88","0,4"
2019-12-25,1,jpicq,"4,05","0,47"
2019-12-27,1,bianci62,"2,4","0,42"
2019-12-27,1,cartonanard,"2,66","0,43"
2019-12-28,1,Domi-9042,"1,2","0,38"
2019-12-28,1,bianci62,"2,3","0,42"
2019-12-28,1,gerardm76,"2,38","0,42"
2019-12-29,2,bernard1237,"5,38",0
2019-12-29,3,fr.domi2012,"10,38","0,64"
2019-12-31,2,jacqudute-0,"5,38","0,51"
2020-12-31,1,olilaha_0,"1,2","0,38"
